{
    "rmse": 6.330227616005392,
    "mae": 4.015506150255378,
    "r2": 0.9889078550328393
}